Transaction_date,Product,Price,City,Country
01/02/2009 6:17,Product1,1200,Basildon,United Kingdom
01/02/2009 4:53,Product1,1200,Parkville                   ,United States
01/02/2009 13:08,Product1,1200,Astoria                     ,United States
01/03/2009 14:44,Product1,1200,Echuca,Australia
01/04/2009 12:56,Product2,3600,Cahaba Heights              ,United States
01/04/2009 13:19,Product1,1200,Mickleton                   ,United States
01/04/2009 20:11,Product1,1200,Peoria                      ,United States
01/02/2009 20:09,Product1,1200,Martin                      ,United States
01/04/2009 13:17,Product1,1200,Tel Aviv,Israel
01/04/2009 14:11,Product1,1200,Chatou,France
01/05/2009 2:42,Product1,1200,New York                    ,United States
01/05/2009 5:39,Product1,1200,Eindhoven,Netherlands
01/02/2009 9:16,Product1,1200,Shavano Park                ,United States
01/05/2009 10:08,Product1,1200,Eagle                       ,United States
01/02/2009 14:18,Product1,1200,Riverside                   ,United States
01/04/2009 1:05,Product1,1200,Julianstown,Ireland
01/05/2009 11:37,Product1,1200,Ottawa,Canada
01/06/2009 5:02,Product1,1200,Hyderabad,India
01/06/2009 7:45,Product2,3600,London,United Kingdom
01/02/2009 7:35,Product1,1200,Salt Lake City              ,United States
01/06/2009 12:56,Product1,1200,Manchester,United Kingdom
01/01/2009 11:05,Product1,1200,Ballynora,Ireland
01/05/2009 4:10,Product1,1200,Roodepoort,South Africa
01/06/2009 7:18,Product1,1200,Chula Vista                 ,United States
01/02/2009 1:11,Product1,1200,Kuopio,Finland
01/01/2009 2:24,Product1,1200,Sugar Land                  ,United States
01/07/2009 8:08,Product1,1200,New York                    ,United States
01/02/2009 2:57,Product1,1200,London,United Kingdom
01/01/2009 20:21,Product1,1200,Morton                      ,United States
01/08/2009 0:42,Product1,1200,Los Gatos                   ,United States
01/08/2009 3:56,Product1,1200,New York                    ,United States
01/08/2009 3:16,Product1,1200,Miami                       ,United States
01/08/2009 1:59,Product1,1200,Vesenaz,Switzerland
01/03/2009 9:03,Product1,1200,Brooklyn                    ,United States
01/05/2009 13:17,Product1,1200,Badhoevedorp,Netherlands
01/06/2009 7:46,Product1,1200,Reston                      ,United States
01/05/2009 20:00,Product2,3600,Burpengary,Australia
01/08/2009 16:24,Product1,1200,Phoenix                     ,United States
01/09/2009 6:39,Product1,1200,Houston                     ,United States
01/06/2009 22:19,Product2,3600,Pittsfield                  ,United States
01/06/2009 23:00,Product2,3600,Pittsfield                  ,United States
01/07/2009 7:44,Product1,1200,Ball Ground                 ,United States
01/03/2009 13:24,Product1,1200,Helsingor,Denmark
01/07/2009 15:12,Product2,3600,Flossmoor                   ,United States
01/07/2009 20:15,Product1,1200,Houston                     ,United States
01/03/2009 10:11,Product2,3600,Delray Beach                ,United States
01/09/2009 15:58,Product1,1200,Newbury,United Kingdom
01/03/2009 13:11,Product1,1200,Kobenhavn,Denmark
01/10/2009 12:57,Product1,1200,Sandy Springs               ,United States
01/10/2009 14:43,Product1,1200,Kinsaley,Ireland
01/10/2009 12:05,Product1,1200,Fort Lauderdale             ,United States
01/06/2009 1:20,Product1,1200,Melbourne,Australia
01/10/2009 14:56,Product1,1200,Ankeny                      ,United States
01/07/2009 10:01,Product1,1200,Pittsboro                   ,United States
01/01/2009 1:26,Product1,1200,New Rochelle                ,United States
01/11/2009 2:04,Product1,1200,Gold Coast,Australia
01/11/2009 14:17,Product1,1200,Brussels,Belgium
01/10/2009 21:38,Product1,1200,Maple Ridge District Municipality,Canada
01/07/2009 6:18,Product1,1200,Beachwood                   ,United States
01/04/2009 8:39,Product2,3600,Prince Albert,Canada
01/05/2009 0:31,Product1,1200,Saltsjobaden,Sweden
01/02/2009 6:07,Product1,1200,Kemble,United Kingdom
01/12/2009 3:25,Product1,1200,W Lebanon                   ,United States
01/04/2009 13:56,Product1,1200,Headley,United Kingdom
01/07/2009 0:12,Product2,3600,Lausanne,Switzerland
01/12/2009 5:18,Product1,1200,Southampton,United Kingdom
01/08/2009 15:16,Product1,1200,Woodsboro                   ,United States
01/11/2009 11:33,Product1,1200,Stavanger,Norway
01/07/2009 20:22,Product1,1200,Red Deer,Canada
01/02/2009 22:00,Product1,1200,Memphis                     ,United States
01/05/2009 13:52,Product1,1200,Morges,Switzerland
01/08/2009 20:32,Product1,1200,Calgary,Canada
01/08/2009 13:34,Product1,1200,Belleville,Canada
01/11/2009 13:08,Product1,1200,Cincinnati                  ,United States
01/12/2009 19:04,Product1,1200,Comox,Canada
01/12/2009 13:41,Product1,1200,Gasperich,Luxembourg
01/11/2009 10:38,Product1,1200,Helens Bay,United Kingdom
1/13/2009 5:57,Product1,1200,Milan,Italy
1/13/2009 6:13,Product1,1200,Staten Island               ,United States
01/08/2009 13:14,Product1,1200,Oslo,Norway
01/02/2009 11:41,Product1,1200,Farmington,United States
01/07/2009 19:50,Product1,1200,Santa Monica                ,United States
01/01/2009 20:28,Product1,1200,Calgary,Canada
01/03/2009 15:22,Product1,1200,Vancouver,Canada
01/12/2009 3:03,Product2,3600,Irvine                      ,United States
01/05/2009 8:58,Product2,3600,Telgte,Germany
01/10/2009 14:03,Product1,1200,Cheltenham,United Kingdom
1/13/2009 11:26,Product1,1200,Keller                      ,United States
01/02/2009 12:18,Product1,1200,Nakskov,Denmark
1/14/2009 4:54,Product1,1200,Honolulu                    ,United States
01/06/2009 17:15,Product1,1200,Bubuieci,Moldova
01/03/2009 13:56,Product1,1200,Amelia Island               ,United States
01/04/2009 7:54,Product1,1200,Alliston,Canada
01/12/2009 7:28,Product1,1200,La Alberca,Spain
01/06/2009 15:15,Product1,1200,Rathgar,Ireland
1/13/2009 23:56,Product1,1200,Coral Gables                ,United States
1/14/2009 19:32,Product1,1200,Miami                       ,United States
01/06/2009 21:13,Product1,1200,Vancouver,Canada
1/14/2009 11:19,Product1,1200,Jumeira,United Arab Emirates
1/13/2009 19:39,Product1,1200,Englewood                   ,United States
01/08/2009 7:26,Product1,1200,Bournemouth,United Kingdom
1/15/2009 2:40,Product1,1200,Genoa                       ,United States
01/12/2009 6:40,Product1,1200,Al 'Adliyah,Bahrain
1/15/2009 3:43,Product1,1200,Rouen,France
01/05/2009 15:39,Product1,1200,Parkland                    ,United States
01/10/2009 5:21,Product1,1200,San Francisco               ,United States
1/15/2009 4:12,Product1,1200,Keller                      ,United States
01/12/2009 11:48,Product1,1200,Tsawwassen,Canada
01/06/2009 10:48,Product1,1200,Clinton                     ,United States
1/14/2009 9:10,Product1,1200,Owensboro                   ,United States
1/14/2009 22:44,Product1,1200,Lakewood Village            ,United States
01/06/2009 7:23,Product1,1200,Okotoks,Canada
01/01/2009 5:04,Product1,1200,Glimmen,Netherlands
1/15/2009 11:56,Product1,1200,Calgary,Canada
1/15/2009 11:58,Product1,1200,Kanata,Canada
01/12/2009 9:43,Product1,1200,Bergen,Germany
1/15/2009 12:33,Product1,1200,College Park                ,United States
1/14/2009 11:35,Product1,1200,Kailua Kona                 ,United States
1/14/2009 15:40,Product1,1200,Redondo Beach               ,United States
01/03/2009 11:08,Product1,1200,Fountain Hls                ,United States
01/12/2009 1:37,Product1,1200,Brisbane,Australia
1/16/2009 7:21,Product1,2100,Mahopac                     ,United States
1/15/2009 12:54,Product1,1200,Ile-Perrot,Canada
01/07/2009 7:19,Product1,1200,Bruxelles,Belgium
01/03/2009 9:56,Product1,1200,Chicago                     ,United States
1/16/2009 17:41,Product1,1200,Rayford                     ,United States
01/05/2009 5:33,Product1,1200,Escondido                   ,United States
01/02/2009 0:50,Product1,1200,Tesvikiye,Turkey
1/13/2009 1:51,Product1,1200,Centurion,South Africa
1/15/2009 10:24,Product1,1200,York,United Kingdom
01/11/2009 8:59,Product1,1200,Ashburn                     ,United States
1/15/2009 15:56,Product1,1200,Los Angeles                 ,United States
01/01/2009 12:19,Product1,1200,Edgewood                    ,United States
01/06/2009 14:03,Product1,1200,New York                    ,United States
01/09/2009 15:32,Product1,1200,Basingstoke,United Kingdom
1/17/2009 12:59,Product1,1200,Den Haag,Netherlands
01/12/2009 12:37,Product1,1200,Marietta                    ,United States
01/04/2009 7:43,Product1,1200,Houston                     ,United States
1/17/2009 16:22,Product1,1200,West Orange                 ,United States
01/01/2009 3:51,Product1,1200,Amsterdam,Netherlands
1/18/2009 5:27,Product1,1200,Downey                      ,United States
1/18/2009 5:15,Product1,1200,Urlingford,Ireland
01/01/2009 1:51,Product1,1200,Holte,Denmark
1/18/2009 6:30,Product1,1200,Freienbach,Switzerland
01/11/2009 10:51,Product1,1200,Hofheim am Taunus,Germany
01/04/2009 17:02,Product1,1200,Lafayette                   ,United States
1/17/2009 1:23,Product1,1200,Mushrif,Kuwait
1/18/2009 2:16,Product1,1200,Nashville                   ,United States
1/18/2009 11:34,Product2,3600,New Malden,United Kingdom
1/18/2009 4:38,Product1,1200,Bishop Auckland,United Kingdom
1/18/2009 13:26,Product3,7500,Navan,Ireland
1/18/2009 11:53,Product1,1200,Joppa,United States
1/18/2009 12:04,Product1,1200,Joppa,United States
1/13/2009 19:54,Product1,1200,Hampton                     ,United States
01/05/2009 21:06,Product1,1200,Louisville                  ,United States
1/14/2009 6:32,Product1,1200,Broadlands                  ,United States
01/04/2009 23:48,Product1,1200,Yellowknife,Canada
1/18/2009 16:32,Product2,3600,Los Angeles                 ,United States
1/18/2009 17:04,Product2,3600,New York                    ,United States
1/18/2009 17:20,Product2,3600,Saint Paul                  ,United States
1/18/2009 17:39,Product2,3600,New York                    ,United States
01/11/2009 11:20,Product1,1200,Spring Lake Park            ,United States
1/13/2009 20:59,Product1,1200,Winnipeg,Canada
01/12/2009 16:50,Product1,1200,Seattle                     ,United States
01/12/2009 15:12,Product1,1200,Deptford                    ,United States
01/06/2009 12:27,Product1,1200,Amsterdam,Netherlands
01/09/2009 18:52,Product1,1200,Alpharetta                  ,United States
1/18/2009 23:17,Product1,1200,Washington                  ,United States
01/07/2009 8:21,Product1,1200,Holmenkollen,Norway
01/03/2009 9:54,Product1,1200,Zekeriyakoy,Turkey
01/05/2009 19:37,Product1,1200,Washington                  ,United States
01/04/2009 12:49,Product1,1200,Montreal,Canada
01/08/2009 11:55,Product2,3600,Braunschweig,Germany
1/14/2009 18:21,Product1,1200,Athens                      ,United States
01/11/2009 19:01,Product1,1200,Hoschton                    ,United States
1/14/2009 5:20,Product2,3600,Binningen,Switzerland
1/15/2009 8:07,Product1,1200,Royal Oak                   ,United States
1/15/2009 8:10,Product1,1200,Royal Oak                   ,United States
01/02/2009 17:45,Product1,1200,Belmont                     ,United States
1/19/2009 16:10,Product1,1200,Old Greenwich               ,United States
1/19/2009 16:55,Product1,1200,Coconut Grove               ,United States
01/10/2009 17:41,Product1,1200,Vienna                      ,United States
1/18/2009 13:49,Product2,3600,San Ramon                   ,United States
1/15/2009 5:47,Product1,1200,Norfolk                     ,United States
1/19/2009 23:06,Product1,1200,Norfolk                     ,United States
1/19/2009 11:12,Product1,1200,Aberdeen,United Kingdom
01/04/2009 1:38,Product1,1200,Charlestown,Australia
1/20/2009 3:11,Product1,1200,Wigan,United Kingdom
01/03/2009 10:52,Product1,1200,Rockville                   ,United States
1/20/2009 5:24,Product3 ,7500,Shreveport                  ,United States
1/20/2009 6:03,Product1,1200,Shreveport                  ,United States
01/10/2009 11:37,Product1,1200,Little Silver               ,United States
1/20/2009 5:50,Product1,1200,Abbey Town,United Kingdom
1/19/2009 16:32,Product1,1200,Mid City West               ,United States
1/18/2009 10:42,Product1,1200,Atlanta,United States
01/07/2009 6:11,Product2,3600,Paris,France
01/03/2009 8:29,Product1,1200,Milton Keynes,United Kingdom
01/01/2009 2:09,Product1,1200,Dresden,Germany
1/20/2009 12:34,Product1,1200,NYC                         ,United States
1/20/2009 3:51,Product1,1200,The Grange,Australia
1/15/2009 11:26,Product1,1200,Brookline                   ,United States
01/05/2009 16:55,Product1,1200,Montreal-Nord,Canada
01/12/2009 19:47,Product1,1200,Irving                      ,United States
01/04/2009 19:20,Product1,1200,Ottawa Hills                ,United States
01/10/2009 8:33,Product2,3600,Portola Valley              ,United States
01/09/2009 14:51,Product1,1200,Sydney,Australia
1/16/2009 2:41,Product3,7500,Kearns                      ,United States
1/16/2009 18:36,Product1,1200,Wollongong,Australia
1/20/2009 8:10,Product1,1200,Brooklyn                    ,United States
01/06/2009 12:45,Product2,3600,Penngrove                   ,United States
01/10/2009 8:13,Product1,1200,Lemont                      ,United States
01/07/2009 14:15,Product1,1200,San Carlos                  ,United States
01/08/2009 15:27,Product1,1200,Chicago                     ,United States
1/21/2009 11:36,Product1,1200,Oslo,Norway
1/21/2009 14:06,Product1,1200,Wantagh,United States
01/02/2009 2:28,Product1,1200,Coomera,Australia
1/19/2009 19:07,Product1,1200,Fort Oglethorpe             ,United States
1/18/2009 6:27,Product1,1200,Corbin City                 ,United States
1/20/2009 11:58,Product1,1200,Lakeside                    ,United States
1/20/2009 16:32,Product1,1200,Margate                     ,United States
01/01/2009 7:09,Product1,1200,South Palm Beach            ,United States
1/21/2009 14:55,Product1,1200,New York                    ,United States
01/07/2009 22:29,Product1,1200,Anchorage                   ,United States
01/11/2009 22:22,Product2,3600,Mona Vale,Australia
1/21/2009 14:25,Product1,1200,Castricum,Netherlands
1/18/2009 16:50,Product1,1200,North Brunswick             ,United States
1/21/2009 12:08,Product2,3600,Jacksonville                ,United States
1/22/2009 6:41,Product1,1200,Baytown                     ,United States
01/12/2009 9:23,Product1,1200,Winter Haven                ,United States
1/22/2009 8:23,Product1,1200,Gonzaga Univ                ,United States
01/03/2009 6:41,Product2,3600,Malmo,Sweden
01/01/2009 12:20,Product2,3600,San Pawl tat-Targa,Malta
01/04/2009 22:00,Product2,3600,Wiesbaden,Germany
1/21/2009 2:15,Product1,1200,London,United Kingdom
01/01/2009 14:22,Product1,1200,Stavanger,Norway
1/16/2009 1:07,Product2,3600,Cork,Ireland
1/20/2009 8:51,Product1,1200,Winchester                  ,United States
01/04/2009 9:02,Product1,1200,Calgary,Canada
01/06/2009 8:34,Product1,1200,Dallas                      ,United States
01/08/2009 4:16,Product1,1200,Malahide,Ireland
1/23/2009 3:33,Product2,3600,Saint Paul                  ,United States
01/06/2009 4:18,Product1,1200,Edinburgh,United Kingdom
1/23/2009 3:30,Product1,1200,Naarden,Netherlands
01/10/2009 4:04,Product1,1200,Oldenburg,Germany
01/05/2009 2:57,Product3,7500,Rennes,France
1/21/2009 14:15,Product1,1200,Ely                         ,United States
1/21/2009 6:39,Product1,1200,Norfolk                     ,United States
1/19/2009 8:14,Product1,1200,Houston                     ,United States
1/23/2009 8:00,Product1,1200,Chepel,Hungary
1/22/2009 23:35,Product1,1200,Buffalo Grove               ,United States
1/14/2009 3:09,Product1,1200,Newburgh,United Kingdom
1/16/2009 1:51,Product1,1200,Vienna,Austria
01/01/2009 6:29,Product1,1200,Vicenza,Italy
1/21/2009 7:59,Product1,1200,Mechanics Grove             ,United States
1/23/2009 7:37,Product2,3600,Miami                       ,United States
1/18/2009 14:39,Product1,1200,Silver Spring               ,United States
1/24/2009 9:01,Product2,3600,Kirriemuir,United Kingdom
1/15/2009 1:41,Product1,1200,Roquefort,France
1/17/2009 7:23,Product1,1200,Portland                    ,United States
1/23/2009 11:37,Product1,1200,Staten Island               ,United States
1/19/2009 15:02,Product1,1200,San Antonio                 ,United States
01/11/2009 7:10,Product2,3600,Guildford,United Kingdom
01/10/2009 3:28,Product1,1200,Horten,Norway
01/07/2009 19:03,Product2,3600,Englewood                   ,United States
1/17/2009 14:02,Product1,1200,San Antonio                 ,United States
1/25/2009 0:09,Product1,1200,Princeville                 ,United States
01/09/2009 14:27,Product1,1200,Castleknock,Ireland
01/09/2009 14:32,Product1,1200,Castleknock,Ireland
01/11/2009 15:59,Product1,1200,Bishops Stortford,United Kingdom
01/06/2009 14:38,Product2,3600,Den Haag,Netherlands
01/06/2009 9:52,Product1,1200,Lafayette                   ,United States
01/01/2009 9:21,Product1,1200,Blackpool,United Kingdom
01/03/2009 7:58,Product1,1200,Hellerup,Denmark
01/11/2009 11:36,Product1,1200,London,United Kingdom
1/13/2009 14:53,Product1,1200,N Java                      ,United States
01/01/2009 10:06,Product2,3600,Munich,Germany
1/16/2009 5:07,Product1,1200,Brulon,France
01/06/2009 16:37,Product1,1200,Austin                      ,United States
1/18/2009 17:21,Product1,1200,Midland Park                ,United States
1/13/2009 15:18,Product1,1200,Centerport                  ,United States
1/24/2009 8:21,Product1,1200,Neustift am Walde,Austria
1/24/2009 8:25,Product1,1200,Neustift am Walde,Austria
1/18/2009 13:06,Product1,1200,Shorewood                   ,United States
1/22/2009 18:44,Product1,1200,Southlake                   ,United States
01/08/2009 8:58,Product1,1200,Huntington                  ,United States
01/04/2009 9:54,Product1,1200,The Woodlands               ,United States
1/13/2009 20:22,Product1,1200,Kelowna,Canada
01/09/2009 10:22,Product1,1200,White House                 ,United States
01/05/2009 12:28,Product1,1200,Rungsted,Denmark
1/26/2009 3:43,Product1,1200,Lake Mahopac                ,United States
1/26/2009 3:49,Product2,3600,Biot,France
01/11/2009 13:16,Product2,3600,Plantation                  ,United States
1/22/2009 15:32,Product1,1200,Killiney,Ireland
01/09/2009 14:25,Product1,1200,Guer,France
1/21/2009 11:28,Product1,800,Arlington                   ,United States
01/01/2009 14:19,Product1,1200,Three Hills,Canada
1/26/2009 4:30,Product1,1200,Great Falls,United States
01/07/2009 4:45,Product1,1200,London,United Kingdom
01/11/2009 12:12,Product1,1200,Clontarf,Ireland
1/26/2009 10:24,Product1,1200,Vancouver,Canada
1/26/2009 8:58,Product1,1200,London,United Kingdom
01/07/2009 17:51,Product1,1200,Dickerson                   ,United States
1/18/2009 20:16,Product1,1200,Princeton                   ,United States
1/13/2009 9:51,Product1,1200,Calgary,Canada
1/24/2009 18:43,Product1,1200,North Tustin                ,United States
01/05/2009 0:46,Product1,1200,Gurgaon,India
01/09/2009 1:12,Product1,1200,Rambouillet,France
1/26/2009 6:25,Product1,1200,Gladwyne                    ,United States
1/21/2009 16:57,Product1,1200,Houston                     ,United States
01/05/2009 5:33,Product1,1200,London,United Kingdom
1/27/2009 5:10,Product1,1200,Slough,United Kingdom
01/07/2009 8:00,Product1,1200,Glan-Munchweiler,Germany
1/20/2009 7:08,Product2,3600,Downingtown                 ,United States
1/27/2009 2:26,Product1,1200,MT Pleasant                 ,United States
01/05/2009 6:14,Product1,1200,Veigy-Foncenex,France
1/13/2009 8:11,Product2,3600,Katy                        ,United States
01/10/2009 9:18,Product1,1200,Gorey,Jersey
01/08/2009 18:52,Product1,1200,Belgrade                    ,United States
01/12/2009 10:06,Product1,1200,Calgary,Canada
01/01/2009 19:25,Product1,1200,Toronto,Canada
1/27/2009 15:28,Product1,1200,Corrales                    ,United States
01/02/2009 18:43,Product1,1200,Cork,Ireland
01/08/2009 18:41,Product1,1200,Tenafly                     ,United States
01/04/2009 18:34,Product1,1200,Leesburg                    ,United States
1/25/2009 8:32,Product1,1200,Alcona,Canada
1/23/2009 22:19,Product1,1200,Kuala Lumpur,Malaysia
01/07/2009 10:03,Product1,1200,Sydney,Australia
1/18/2009 3:46,Product1,1200,Nerang,Australia
1/28/2009 0:40,Product1,1200,Bryceville                  ,United States
01/02/2009 15:18,Product1,1200,Saffron Walden,United Kingdom
1/18/2009 13:59,Product1,1200,Sutton,Ireland
1/16/2009 9:54,Product1,1200,Durban,South Africa
1/28/2009 7:07,Product1,1200,Berkeswell,United Kingdom
1/28/2009 7:31,Product1,1200,Dryden                      ,United States
1/18/2009 12:32,Product1,1200,Santry,Ireland
1/13/2009 14:05,Product1,1200,Barcelona,Spain
1/28/2009 7:49,Product1,1200,Fayetteville                ,United States
1/28/2009 3:07,Product1,1200,Anse Comeau,Canada
01/12/2009 15:16,Product1,1200,Thorlakshofn,Iceland
01/06/2009 11:17,Product2,3600,Overland                    ,United States
1/23/2009 9:49,Product1,1200,King City,Canada
1/24/2009 4:01,Product1,1200,Leighton Buzzard,United Kingdom
1/25/2009 18:21,Product1,1200,Umea,Sweden
1/15/2009 10:51,Product1,1200,Sola,Norway
01/02/2009 5:14,Product1,1200,Stockton-on-Tees,United Kingdom
01/09/2009 10:35,Product2,3600,Senatobia                   ,United States
01/04/2009 10:16,Product1,1200,Berlin,Germany
01/02/2009 12:16,Product1,1200,Waldorf                     ,United States
1/28/2009 12:31,Product1,1200,Brooklyn                    ,United States
1/14/2009 12:07,Product1,1200,Lakeville                   ,United States
1/16/2009 7:20,Product2,3600,Saint-Cergues,France
01/06/2009 9:55,Product1,1200,Vancouver,Canada
01/07/2009 12:55,Product1,1200,Stamford                    ,United States
1/19/2009 12:14,Product1,1200,Rathfarnham,Ireland
1/13/2009 15:19,Product2,3600,Paris,France
1/18/2009 8:56,Product1,1200,Howell                      ,United States
01/04/2009 17:54,Product1,1200,Encinitas                   ,United States
01/05/2009 13:46,Product1,1200,Atchison                    ,United States
01/05/2009 10:49,Product2,3600,Mililani                    ,United States
01/12/2009 18:24,Product1,1200,Victor                      ,United States
1/18/2009 4:01,Product1,1200,Fairbanks                   ,United States
1/16/2009 10:58,Product1,1200,Soro,Denmark
1/13/2009 8:20,Product1,1200,Warlingham,United Kingdom
01/12/2009 1:42,Product1,1200,Hamburg,Germany
1/28/2009 13:07,Product1,1200,Accokeek                    ,United States
1/29/2009 5:43,Product1,1200,Sunnyvale                   ,United States
1/29/2009 5:30,Product1,1200,Ithaca                      ,United States
1/13/2009 18:08,Product1,1200,Houston                     ,United States
01/09/2009 15:24,Product1,1200,Farmingtn Hls               ,United States
1/23/2009 15:33,Product1,1200,Brooklyn                    ,United States
1/29/2009 12:28,Product1,1200,Great Falls                 ,United States
1/13/2009 11:31,Product1,1200,Gosport,United Kingdom
1/29/2009 10:09,Product2,3600,Scottsdale                  ,United States
1/29/2009 15:08,Product1,1200,Sunnyvale                   ,United States
01/04/2009 5:12,Product1,1200,Songnae-dong,South Korea
1/22/2009 22:16,Product2,3600,Clyde Hill                  ,United States
01/05/2009 19:26,Product1,1200,Ruschlikon,Switzerland
01/11/2009 12:22,Product1,1200,Minneapolis                 ,United States
01/02/2009 9:31,Product1,1200,Chicago                     ,United States
01/05/2009 11:21,Product1,1200,Petworth,United Kingdom
1/17/2009 9:49,Product1,1200,Abu Dhabi,United Arab Emirates
1/28/2009 1:38,Product1,1200,Stockholm,Sweden
1/19/2009 10:32,Product1,1200,Queen Creek                 ,United States
1/26/2009 12:05,Product1,1250,Queen Creek                 ,United States
01/07/2009 18:53,Product1,1200,Durham                      ,United States
1/26/2009 11:38,Product1,1200,Austin                      ,United States
01/08/2009 13:19,Product1,1200,Glenn Dale                  ,United States
01/11/2009 14:56,Product1,1200,Aardal,Norway
1/30/2009 20:36,Product1,1200,Edinburg                    ,United States
01/01/2009 8:09,Product1,1200,South Melbourne,Australia
1/17/2009 11:09,Product1,1200,Fortaleza,Brazil
1/31/2009 7:22,Product1,1200,Weston                      ,United States
1/31/2009 9:12,Product1,1200,Reading,United Kingdom
1/31/2009 8:56,Product1,1200,Coconut Grove               ,United States
1/31/2009 9:00,Product1,1200,London,United Kingdom
01/11/2009 14:07,Product1,1200,San Francisco               ,United States
01/01/2009 12:25,Product2,3600,Zug,Switzerland
1/31/2009 11:14,Product2,3600,Scottsdale                  ,United States
01/02/2009 9:57,Product1,1200,Potomac Falls               ,United States
01/04/2009 13:20,Product1,1200,Superior                    ,United States
1/22/2009 12:32,Product1,1200,London,United Kingdom
1/18/2009 6:09,Product1,1200,Engleside                   ,United States
01/08/2009 0:04,Product1,1200,New Plymouth City,New Zealand
1/24/2009 7:14,Product1,1200,Roanoke                     ,United States
1/24/2009 11:05,Product1,1200,Norcross                    ,United States
01/06/2009 15:12,Product1,1200,Sandy Plains                ,United States
1/24/2009 17:06,Product1,1200,Saint Catharines,Canada
01/03/2009 9:58,Product1,1200,Gainesville                 ,United States
01/09/2009 16:35,Product1,1200,Nordstrand,Norway
01/12/2009 14:50,Product1,1200,Arlington                   ,United States
01/07/2009 13:49,Product1,1200,West Hills                  ,United States
01/09/2009 19:41,Product1,1200,San Jose                    ,United States
1/26/2009 4:53,Product1,1200,London,United Kingdom
1/23/2009 21:41,Product1,1200,Oak Park                    ,United States
01/06/2009 16:07,Product1,1200,Terrell Hills               ,United States
01/10/2009 7:55,Product1,1200,Jumeira,United Arab Emirates
1/28/2009 20:44,Product1,1200,Falmouth                    ,United States
01/09/2009 3:38,Product1,1200,Lurgan,United Kingdom
1/19/2009 8:52,Product1,1200,Richmond                    ,United States
1/15/2009 7:26,Product1,1200,Den Haag,Netherlands
1/30/2009 19:12,Product1,1200,Ooltewah                    ,United States
01/05/2009 12:41,Product1,1200,Pacific Beach               ,United States
1/28/2009 20:59,Product1,1200,Austin                      ,United States
01/10/2009 21:36,Product1,1200,Seattle                     ,United States
1/25/2009 19:59,Product1,1200,Seattle                     ,United States
01/07/2009 8:03,Product1,1200,Ottawa,Canada
1/21/2009 9:07,Product1,1200,Vienna                      ,United States
1/23/2009 14:43,Product1,1200,Torbay,New Zealand
01/05/2009 13:07,Product1,1200,Shenfield,United Kingdom
01/06/2009 3:39,Product1,1200,Bergen,Norway
1/15/2009 15:26,Product1,1200,Bolton,United Kingdom
1/23/2009 4:47,Product1,1200,Sandymount,Ireland
01/12/2009 10:05,Product2,3600,Bellinzona,Switzerland
1/30/2009 5:13,Product1,1200,Antwerpen,Belgium
1/14/2009 10:32,Product3,7500,Campinas,Brazil
01/12/2009 8:13,Product1,1200,Nacka,Sweden
1/27/2009 8:11,Product1,1200,Fremont                     ,United States
1/30/2009 17:33,Product1,1200,Warwick,Australia
1/15/2009 9:52,Product1,1200,Holmdel                     ,United States
1/13/2009 11:54,Product1,1200,Baltimore                   ,United States
1/21/2009 11:00,Product1,1200,Saggart,Ireland
1/16/2009 11:49,Product1,1200,Andover                     ,United States
01/01/2009 9:35,Product1,1200,La Crescenta                ,United States
1/13/2009 5:58,Product1,1200,Suwanee                     ,United States
01/06/2009 16:08,Product2,3600,Seattle                     ,United States
01/05/2009 10:25,Product1,1200,Arlington                   ,United States
01/04/2009 21:08,Product1,1200,Calgary,Canada
01/12/2009 20:43,Product1,1200,Kenmore                     ,United States
1/17/2009 3:22,Product1,1200,Fresno                      ,United States
1/18/2009 11:17,Product1,1200,Atascadero                  ,United States
1/27/2009 9:01,Product1,1200,Barcelona,Spain
01/08/2009 8:11,Product1,1200,High Wycombe,United Kingdom
1/26/2009 23:28,Product2,3600,Tsaritsyno,Russia
01/10/2009 21:35,Product1,1200,Ajax,Canada
01/11/2009 6:01,Product1,1200,New York                    ,United States
1/19/2009 14:53,Product1,1200,Fairfield                   ,United States
1/22/2009 7:14,Product1,1200,North Bay,Canada
1/15/2009 8:12,Product1,1200,Marietta                    ,United States
01/07/2009 6:33,Product1,1200,Clontarf,Ireland
01/12/2009 8:05,Product1,1200,Danville                    ,United States
1/28/2009 13:03,Product2,3600,Okotoks,Canada
1/25/2009 8:54,Product1,1200,Anthem                      ,United States
01/05/2009 10:08,Product1,1200,Clonmel,Ireland
01/05/2009 19:29,Product1,1200,Arlington                   ,United States
01/07/2009 19:06,Product2,3600,Orlando                     ,United States
1/23/2009 11:33,Product1,1200,Walnut Creek                ,United States
01/03/2009 21:11,Product1,1200,Centennial                  ,United States
01/11/2009 17:28,Product1,1200,Newtown                     ,United States
1/21/2009 20:18,Product1,1200,Vancouver,Canada
1/24/2009 10:23,Product1,1200,York,United Kingdom
01/07/2009 14:55,Product1,1200,Drogheda,Ireland
1/29/2009 10:38,Product1,1200,Saddle Brook                ,United States
01/08/2009 14:04,Product1,1200,San Diego                   ,United States
1/31/2009 21:50,Product1,1200,Issaquah                    ,United States
01/01/2009 16:00,Product1,1200,Bolton,United Kingdom
1/30/2009 13:13,Product1,1200,Lexington                   ,United States
1/27/2009 16:50,Product1,1200,Altadena                    ,United States
1/30/2009 7:42,Product1,250,Altadena                    ,United States
1/17/2009 15:48,Product2,3600,Davis                       ,United States
01/12/2009 11:40,Product2,3600,Toronto,Canada
1/30/2009 20:27,Product1,1200,Pasadena                    ,United States
1/27/2009 18:35,Product1,1200,Buffalo Grove               ,United States
1/16/2009 12:47,Product1,1200,London,United Kingdom
01/02/2009 2:50,Product1,1200,Newcastle,Ireland
1/21/2009 5:39,Product1,1200,Norwalk                     ,United States
1/28/2009 1:28,Product1,1200,Besancon,France
01/08/2009 13:33,Product1,1200,Monte-Carlo,Monaco
1/22/2009 12:09,Product1,1200,Monaco,Monaco
1/20/2009 8:23,Product1,1200,Floyds Knobs                ,United States
01/02/2009 7:47,Product1,1200,London,United Kingdom
01/11/2009 4:55,Product1,1200,Marietta                    ,United States
1/23/2009 7:47,Product1,1800,Marietta                    ,United States
1/21/2009 23:19,Product1,1200,Hon                         ,United States
01/11/2009 4:29,Product3,7500,Knoxville                   ,United States
01/11/2009 4:39,Product1,1200,Knoxville                   ,United States
01/10/2009 8:13,Product1,1200,Edinburgh,United Kingdom
1/22/2009 12:55,Product1,1200,Paris,France
1/17/2009 15:00,Product1,1200,Humble                      ,United States
01/04/2009 14:06,Product1,1200,Mashpee                     ,United States
1/30/2009 17:09,Product1,1200,Hong Kong,Hong Kong
1/20/2009 5:01,Product1,1200,Birmingham                  ,United States
1/26/2009 14:37,Product1,1200,St Augustine                ,United States
1/29/2009 13:27,Product1,1200,Salt Lake City              ,United States
01/12/2009 10:33,Product1,1200,Seattle                     ,United States
01/05/2009 8:28,Product1,1200,Ruti,Switzerland
1/25/2009 16:11,Product3,7500,Rogers                      ,United States
1/25/2009 20:44,Product1,1200,Rogers                      ,United States
1/26/2009 11:36,Product1,1200,Dun Laoghaire,Ireland
1/27/2009 2:32,Product1,1200,Perth,United Kingdom
1/18/2009 13:36,Product1,1200,London,United Kingdom
01/07/2009 5:53,Product1,1200,Gries,Germany
1/25/2009 1:53,Product3,7500,Pietermaritzburg,South Africa
1/18/2009 11:42,Product1,1200,Sutton Valence,United Kingdom
1/13/2009 1:46,Product1,1200,Lyngby,Denmark
01/02/2009 15:57,Product1,1200,Alpine                      ,United States
1/25/2009 8:50,Product1,1200,Zurich,Switzerland
1/14/2009 8:16,Product2,3600,Saskatoon,Canada
1/27/2009 11:21,Product1,1200,Pacific Palisades           ,United States
01/08/2009 10:13,Product1,1200,Fort Saint James,Canada
01/05/2009 7:47,Product1,1200,Versoix,Switzerland
1/22/2009 9:00,Product1,1200,Trumansburg                 ,United States
1/25/2009 12:59,Product1,1200,Kennett Square              ,United States
01/10/2009 19:28,Product2,3600,San Jose                    ,United States
01/08/2009 19:29,Product2,3600,Ban Khlong Sip,Thailand
01/08/2009 12:04,Product1,1200,Morro Bay                   ,United States
01/04/2009 16:59,Product1,1200,Parramatta,Australia
1/30/2009 11:56,Product1,1200,Dumbleton,United Kingdom
01/06/2009 5:10,Product1,1200,Altlengbach,Austria
1/14/2009 3:39,Product1,1200,Ballincollig,Ireland
1/14/2009 3:47,Product1,1200,Ballincollig,Ireland
1/19/2009 3:19,Product1,1200,Zagore,Bulgaria
01/07/2009 1:42,Product1,1200,Vecmilgravis,Latvia
01/07/2009 13:01,Product2,3600,Trelex,Switzerland
1/27/2009 2:35,Product1,1200,Ornex,France
01/03/2009 14:14,Product1,1200,Las Vegas                   ,United States
1/22/2009 12:37,Product2,3600,San Anselmo                 ,United States
1/29/2009 6:49,Product1,1200,Hannover,Germany
01/06/2009 9:45,Product1,1200,N Woodmere                  ,United States
01/12/2009 11:16,Product1,1200,Madrid,Spain
1/13/2009 13:49,Product1,1200,Castlebar,Ireland
01/12/2009 7:23,Product1,1200,Fairfax                     ,United States
1/30/2009 4:48,Product1,1200,Chandler                    ,United States
1/22/2009 16:29,Product1,1200,Dammeron Valley             ,United States
1/27/2009 6:26,Product1,1200,Buffalo                     ,United States
1/15/2009 10:16,Product3,7500,Olive Branch                ,United States
1/19/2009 18:54,Product1,1200,Warwick                     ,United States
01/02/2009 22:44,Product2,3600,Gisborne,Australia
01/01/2009 18:32,Product1,1200,San Mateo                   ,United States
1/14/2009 1:28,Product1,1200,Milton Keynes,United Kingdom
1/20/2009 8:08,Product1,1200,Kecskemet,Hungary
1/29/2009 2:48,Product1,1200,Nakskov,Denmark
1/24/2009 18:02,Product1,1200,Aloma                       ,United States
01/07/2009 8:26,Product1,1200,Chandler                    ,United States
1/24/2009 3:36,Product1,1200,Kjobenhavn,Denmark
01/05/2009 15:23,Product1,1200,Stockton,United Kingdom
1/25/2009 16:17,Product1,1200,Cumming                     ,United States
1/15/2009 10:37,Product1,1200,Little Compton              ,United States
1/20/2009 15:28,Product1,1200,Centennial                  ,United States
1/28/2009 18:00,Product1,"13,000",Centennial                  ,United States
1/29/2009 5:06,Product1,1200,Herndon                     ,United States
01/06/2009 18:53,Product1,1200,Vista                       ,United States
1/21/2009 6:55,Product1,1200,Oostburg                    ,United States
1/26/2009 20:18,Product1,1200,Griffith,Australia
1/25/2009 17:58,Product2,3600,Ann Arbor                   ,United States
01/09/2009 14:37,Product1,1200,South Jordan                ,United States
1/25/2009 2:46,Product2,3600,Dubai,United Arab Emirates
1/17/2009 20:46,Product2,3600,Dubai,United Arab Emirates
1/24/2009 7:18,Product2,3600,Kirriemuir,United Kingdom
01/11/2009 7:09,Product1,1200,Tramore,Ireland
01/08/2009 4:15,Product1,1200,Gdansk,Poland
1/22/2009 10:47,Product1,1200,Arklow,Ireland
1/26/2009 20:47,Product1,1200,Lincoln                     ,United States
01/12/2009 12:22,Product1,1200,Tierp,Sweden
1/26/2009 1:44,Product2,3600,Brussels,Belgium
1/18/2009 12:57,Product1,1200,Burr Oak                    ,United States
1/24/2009 21:26,Product1,1200,Wheaton                     ,United States
1/26/2009 12:26,Product2,3600,Killeen                     ,United States
01/05/2009 7:37,Product1,1200,Manhattan                   ,United States
1/14/2009 12:33,Product1,1200,Oxford,United Kingdom
1/14/2009 0:15,Product2,3600,Paris,France
01/01/2009 12:42,Product1,1200,Exeter,United Kingdom
01/06/2009 6:07,Product1,1200,Rungsted,Denmark
1/15/2009 5:11,Product2,3600,London,United Kingdom
1/17/2009 4:03,Product1,1200,Borja,Philippines
1/19/2009 10:13,Product2,3600,London,United Kingdom
1/18/2009 9:42,Product1,1200,Jamestown                   ,United States
01/09/2009 11:14,Product1,1200,Owings Mills                ,United States
01/10/2009 13:42,Product1,1200,Hamilton,Canada
01/07/2009 7:28,Product1,1200,Anchorage                   ,United States
1/18/2009 6:46,Product1,1200,Mornington,Ireland
1/30/2009 12:18,Product1,1200,Fullerton                   ,United States
01/06/2009 5:42,Product1,1200,Atlanta                     ,United States
01/02/2009 10:58,Product2,3600,Toronto,Canada
01/08/2009 3:29,Product1,1200,Liverpool,United Kingdom
01/12/2009 13:23,Product2,3600,Ponte San Nicolo,Italy
1/19/2009 9:34,Product1,1200,Las Vegas                   ,United States
01/09/2009 7:49,Product1,1200,Rochester Hills             ,United States
1/15/2009 5:27,Product2,3600,North Bay,Canada
01/08/2009 23:40,Product1,1200,Lindfield,Australia
1/27/2009 11:02,Product1,1200,Madrid,Spain
1/14/2009 13:23,Product1,1200,Wisconsin Rapids            ,United States
01/07/2009 20:01,Product1,1200,Austin                      ,United States
1/20/2009 12:32,Product1,1200,Chicago                     ,United States
01/06/2009 14:35,Product1,1200,Las Vegas                   ,United States
01/04/2009 6:51,Product1,1200,Mullingar,Ireland
1/24/2009 18:30,Product1,1200,Melbourne,Australia
1/25/2009 5:57,Product1,1200,Ayacucho,Argentina
01/05/2009 10:02,Product2,3600,Eagan                       ,United States
1/13/2009 9:14,Product1,1200,Vossevangen,Norway
1/22/2009 7:35,Product1,1200,Ferney-Voltaire,France
01/02/2009 11:06,Product1,1200,Sevilla,Spain
01/11/2009 9:50,Product1,1200,Munchengosserstadt,Germany
1/21/2009 20:44,Product1,1200,Lindenhurst                 ,United States
01/05/2009 9:09,Product1,1200,Bloomfield                  ,United States
01/05/2009 12:41,Product1,1200,Calgary,Canada
1/28/2009 12:54,Product2,3600,Vancouver,Canada
1/21/2009 4:46,Product1,1200,Klampenborg,Denmark
01/07/2009 13:28,Product1,1200,Calne,United Kingdom
1/27/2009 11:18,Product2,3600,Los Angeles                 ,United States
01/07/2009 12:39,Product2,3600,Milano,Italy
1/24/2009 13:54,Product2,3600,Kloten,Switzerland
1/30/2009 6:48,Product1,1200,Fayetteville                ,United States
1/22/2009 18:07,Product1,1200,Simpsonville                ,United States
1/29/2009 15:03,Product1,1200,Auckland,New Zealand
01/02/2009 14:14,Product1,1200,Reading,United Kingdom
1/19/2009 11:05,Product1,1200,North Caldwell              ,United States
1/28/2009 16:17,Product1,1200,Coventry,United Kingdom
01/08/2009 12:46,Product1,1200,Orillia,Canada
1/29/2009 16:07,Product1,1200,Paris,France
1/29/2009 13:41,Product1,1200,San Jose                    ,United States
01/08/2009 6:29,Product1,1200,Ingelheim-Mitte,Germany
01/04/2009 12:53,Product1,1200,Leamington Spa,United Kingdom
1/14/2009 12:55,Product1,1200,Regensdorf,Switzerland
1/14/2009 6:35,Product1,1200,Melbourne,Australia
1/27/2009 13:08,Product1,1200,Geneve,Switzerland
1/31/2009 23:09,Product1,1200,Vaucluse,Australia
1/21/2009 14:34,Product1,1200,Klosterneuburg,Austria
1/16/2009 8:28,Product1,1200,Rancho Cordova              ,United States
01/11/2009 9:55,Product1,1200,Creemore,Canada
01/08/2009 2:46,Product1,1200,Sidcup,United Kingdom
1/26/2009 7:11,Product1,1200,Minneapolis                 ,United States
1/31/2009 5:39,Product2,3600,Phoenix                     ,United States
01/09/2009 8:35,Product1,1200,Edmonton,Canada
1/24/2009 3:25,Product1,1200,Lyndoch,Australia
1/26/2009 8:45,Product1,1200,Larchmont                   ,United States
1/23/2009 10:45,Product1,1200,Saint Charles               ,United States
1/28/2009 8:50,Product1,1200,Brentwood                   ,United States
1/15/2009 19:10,Product2,3600,Pensacola                   ,United States
01/09/2009 20:25,Product1,1200,Kelowna,Canada
1/15/2009 21:53,Product1,1200,Toronto,Canada
01/12/2009 0:17,Product1,1200,Brondby Strand,Denmark
1/25/2009 10:32,Product1,1200,Florence,Italy
01/12/2009 23:35,Product1,1200,Perth,Australia
01/11/2009 6:09,Product1,1200,Saint Petersburg            ,United States
01/03/2009 13:35,Product1,1200,Aubonne,Switzerland
1/18/2009 11:03,Product2,3600,Gava,Spain
01/05/2009 18:55,Product1,1200,Mc Lean                     ,United States
01/02/2009 18:54,Product1,1200,Hendersonville              ,United States
1/13/2009 14:44,Product2,3600,Zurich,Switzerland
01/04/2009 4:05,Product1,1200,Watford,United Kingdom
1/27/2009 12:47,Product1,1200,Amsterdam,Netherlands
1/22/2009 6:51,Product1,1200,Rochester Hills             ,United States
01/01/2009 21:40,Product1,1200,Anglesea,Australia
1/27/2009 18:06,Product1,1200,Killarney,The Bahamas
01/10/2009 14:59,Product1,1200,Malibu                      ,United States
1/26/2009 15:42,Product1,1200,Allen                       ,United States
01/12/2009 14:37,Product1,1200,Evires,France
1/16/2009 7:58,Product1,1200,Den Haag,Netherlands
1/22/2009 14:32,Product1,1200,Perth City,Australia
1/19/2009 6:50,Product1,1200,Redruth,United Kingdom
1/24/2009 11:54,Product1,1200,Bruxelles,Belgium
1/13/2009 13:36,Product1,1200,London,United Kingdom
1/13/2009 11:56,Product1,1200,Montreal,Canada
1/19/2009 7:49,Product1,1200,Miami Beach                 ,United States
01/10/2009 7:37,Product1,1200,Shankill,Ireland
1/20/2009 5:53,Product1,1200,Oxford,United Kingdom
01/06/2009 10:34,Product1,1200,New York                    ,United States
1/23/2009 5:14,Product1,1200,Melbourne,Australia
1/14/2009 16:02,Product1,1200,Woodland Hills              ,United States
1/14/2009 18:05,Product1,1200,Anchorage                   ,United States
01/08/2009 20:52,Product1,1200,Yorba Linda                 ,United States
01/07/2009 13:57,Product1,1200,Waiwera,New Zealand
1/25/2009 10:34,Product1,1200,Jamaica Plain               ,United States
1/28/2009 4:35,Product1,1200,Oslo,Norway
1/19/2009 3:25,Product1,1200,Setagaya,Japan
1/18/2009 0:41,Product2,3600,Donauworth,Germany
1/27/2009 2:38,Product1,1200,Bandon,Ireland
1/16/2009 6:04,Product1,1200,Ehingen an der Donau,Germany
01/05/2009 5:30,Product1,1200,Paris,France
01/09/2009 14:55,Product1,1200,Banbury,United Kingdom
1/29/2009 10:07,Product1,1200,Beverly Hills               ,United States
1/27/2009 3:55,Product1,1200,Danderyd,Sweden
1/25/2009 12:35,Product2,3600,Sebastopol                  ,United States
01/03/2009 16:56,Product1,1200,Glendora                    ,United States
01/12/2009 12:04,Product1,1200,Nacka,Sweden
1/27/2009 3:19,Product1,1200,Canterbury,United Kingdom
1/24/2009 9:30,Product1,1200,Neuchatel,Switzerland
1/25/2009 18:33,Product1,1200,Billings                    ,United States
1/15/2009 11:43,Product1,1200,Libertyville                ,United States
1/23/2009 16:30,Product2,3600,Temecula                    ,United States
01/05/2009 12:57,Product1,1200,Boise                       ,United States
1/29/2009 16:52,Product1,1200,Rock Hill                   ,United States
01/10/2009 0:04,Product1,1200,Mililani                    ,United States
01/03/2009 14:17,Product2,3600,Scamander,Australia
1/15/2009 9:00,Product1,1200,Freeport City,The Bahamas
1/24/2009 20:58,Product1,1200,North Vancouver,Canada
01/10/2009 11:53,Product1,1200,Ludwigsburg,Germany
01/04/2009 17:34,Product1,1200,Rockingham,Australia
1/28/2009 0:22,Product1,1200,Basel,Switzerland
1/17/2009 1:49,Product1,1200,Den Haag,Netherlands
1/25/2009 17:48,Product1,1200,Westminster                 ,United States
1/22/2009 5:39,Product2,3600,Penclawdd,United Kingdom
1/19/2009 15:40,Product2,3600,Ede,Netherlands
1/21/2009 23:52,Product1,1200,Plan-les-Ouattes,Switzerland
1/19/2009 13:15,Product1,1200,Stocksund,Sweden
1/16/2009 7:35,Product1,1200,Stuttgart,Germany
1/22/2009 9:48,Product2,3600,Tunbridge Wells,United Kingdom
1/18/2009 12:05,Product2,3600,Issaquah                    ,United States
01/04/2009 10:44,Product1,1200,Burnaby,Canada
1/20/2009 14:55,Product1,1200,Cypress                     ,United States
01/02/2009 18:41,Product1,1200,Lititz                      ,United States
01/02/2009 7:03,Product1,1200,London,United Kingdom
1/21/2009 7:19,Product1,1200,Chadds Ford                 ,United States
01/11/2009 17:52,Product2,3600,St Thomas                   ,United States
1/16/2009 17:56,Product1,1200,Coppell                     ,United States
01/09/2009 20:00,Product1,1200,Ladera Ranch                ,United States
1/13/2009 2:47,Product1,1200,Rathfarnham,Ireland
1/19/2009 4:23,Product2,3600,Cagliari,Italy
1/13/2009 12:51,Product1,1200,Charlottenlund,Denmark
1/29/2009 7:40,Product1,1200,Munchen,Germany
1/21/2009 4:34,Product1,1200,Firenze,Italy
01/07/2009 13:28,Product1,1200,Baile Atha Bui,Ireland
1/26/2009 16:47,Product1,1200,Chamonix-Mont-Blanc,France
1/29/2009 1:01,Product1,1200,Gingins,Switzerland
1/25/2009 12:55,Product1,1200,Boca Raton                  ,United States
1/24/2009 13:35,Product1,1200,Chaska                      ,United States
1/28/2009 13:30,Product1,1200,Hghlnds Ranch               ,United States
1/20/2009 19:08,Product1,1200,Atlanta                     ,United States
1/29/2009 17:13,Product1,1200,Tenafly                     ,United States
01/02/2009 5:33,Product1,1200,Aberdeen,United Kingdom
1/31/2009 11:03,Product1,1200,Djurgarden,Sweden
1/13/2009 9:16,Product1,1200,Nashville                   ,United States
1/19/2009 12:38,Product1,1200,Munich,Germany
1/18/2009 12:14,Product2,3600,Utrecht,Netherlands
1/22/2009 10:59,Product1,1200,Boyceville                  ,United States
1/14/2009 7:30,Product1,1200,Basauri,Spain
1/19/2009 1:52,Product1,1200,Melbourne,Australia
01/08/2009 23:00,Product1,1200,Kemerburgaz,Turkey
1/25/2009 7:29,Product1,1200,Worcester,United Kingdom
1/17/2009 15:19,Product1,1200,Thurles,Ireland
1/23/2009 12:23,Product1,1200,Den Haag,Netherlands
1/24/2009 8:45,Product1,1200,Cos Cob                     ,United States
1/27/2009 3:45,Product2,3600,Bern,Switzerland
1/29/2009 23:48,Product1,1200,Leicester,United Kingdom
01/03/2009 18:43,Product1,1200,Cornwall,Canada
1/24/2009 17:18,Product2,3600,Sterling                    ,United States
01/02/2009 15:13,Product1,1200,Cork,Ireland
01/08/2009 10:44,Product1,1200,Mount Forest,Canada
1/29/2009 8:13,Product1,1200,Ridgefield                  ,United States
1/24/2009 10:26,Product1,1200,Porto Alegre,Brazil
1/24/2009 12:56,Product1,1200,Cartierville,Canada
01/07/2009 13:38,Product1,1200,Stuttgart,Germany
1/23/2009 15:38,Product1,1200,Manhattan                   ,United States
1/26/2009 14:43,Product1,1200,Sneem,Ireland
1/17/2009 20:33,Product1,1200,Alpharetta                  ,United States
01/05/2009 9:15,Product1,1200,Sainte-Therese-de-Blainville,Canada
1/20/2009 8:16,Product1,1200,Germantown                  ,United States
1/29/2009 12:46,Product1,1200,Castleknock,Ireland
1/15/2009 18:12,Product1,1200,Hono                        ,United States
1/23/2009 13:55,Product1,1200,New Rochelle                ,United States
1/26/2009 10:26,Product1,1200,Calgary,Canada
01/12/2009 11:48,Product1,1200,South Waterford             ,United States
1/29/2009 15:20,Product1,1200,Washington Township         ,United States
1/28/2009 7:26,Product1,1200,Guelph,Canada
1/14/2009 0:03,Product2,3600,Bunbury,Australia
1/13/2009 1:55,Product1,1200,Mettlach,Germany
01/12/2009 23:21,Product1,1200,Oberwil,Switzerland
1/22/2009 2:16,Product1,1200,Beykoz,Turkey
1/29/2009 12:53,Product1,1200,Arc-et-Senans,France
1/28/2009 11:36,Product1,1200,Grossbodungen,Germany
1/19/2009 6:50,Product1,1200,Bruxelles,Belgium
1/30/2009 5:20,Product1,1200,Kilcornan,Ireland
1/19/2009 14:06,Product1,1200,Wilmington                  ,United States
01/08/2009 9:43,Product1,1200,Aix-en-Provence,France
1/23/2009 9:09,Product2,3600,Lidingo,Sweden
1/20/2009 8:58,Product1,1200,Edmonton,Canada
01/02/2009 13:35,Product1,1200,Antibes,France
01/09/2009 15:03,Product1,1200,Seattle                     ,United States
1/23/2009 7:04,Product1,1200,Rowayton                    ,United States
1/17/2009 10:14,Product1,1200,Simcoe,Canada
1/19/2009 16:16,Product1,1200,Lebanon                     ,United States
1/20/2009 13:54,Product1,1200,Birkdale,Australia
1/23/2009 21:35,Product1,1200,Brisbane,Australia
1/21/2009 23:41,Product1,1200,Strasbourg,France
1/21/2009 4:11,Product1,1200,Suchdol,Czech Republic
01/10/2009 3:43,Product1,1200,Stuttgart,Germany
1/15/2009 18:08,Product2,3600,Villanova                   ,United States
1/20/2009 14:48,Product2,3600,Norrkoping,Sweden
1/21/2009 11:56,Product1,1200,Zumikon,Switzerland
1/30/2009 6:18,Product2,3600,Balgach,Switzerland
01/12/2009 17:28,Product1,1200,Las Vegas                   ,United States
1/29/2009 8:27,Product2,3600,Prague,Czech Republic
1/24/2009 12:43,Product1,1200,Warwick                     ,United States
01/07/2009 10:49,Product2,3600,Silver Spring               ,United States
01/11/2009 17:06,Product1,1200,Sacramento                  ,United States
1/30/2009 6:17,Product1,1200,Blarney,Ireland
01/07/2009 10:52,Product1,1200,Ballyneety,Ireland
1/27/2009 6:20,Product1,1200,Haymarket                   ,United States
1/21/2009 20:02,Product1,1200,George Town,Cayman Isls
01/04/2009 16:23,Product1,1200,Scottsdale                  ,United States
01/06/2009 12:26,Product1,1200,Cambridge                   ,United States
01/11/2009 4:34,Product1,1200,Chalfont Saint Peter,United Kingdom
1/17/2009 6:39,Product1,1200,Birmingham,United Kingdom
01/04/2009 3:41,Product1,1200,Den Haag,Netherlands
01/12/2009 5:50,Product3,7500,Den Haag,Netherlands
01/03/2009 13:43,Product1,1200,Newmarket,Ireland
01/11/2009 6:51,Product1,1200,Irpin',Ukraine
1/17/2009 6:23,Product1,1200,Grosseto,Italy
1/26/2009 18:38,Product1,1200,Pembroke Pines              ,United States
1/31/2009 13:26,Product1,1200,Waterford,Canada
1/21/2009 2:20,Product2,3600,Carouge,Switzerland
1/18/2009 13:25,Product1,1200,Chester                     ,United States
1/18/2009 18:57,Product1,1200,Reston                      ,United States
1/31/2009 1:59,Product1,1200,Milan,Italy
1/25/2009 16:08,Product1,1200,Vancouver,Canada
1/16/2009 19:13,Product1,1200,Alpharetta                  ,United States
1/31/2009 15:25,Product1,1200,Ringgold                    ,United States
01/09/2009 8:57,Product1,1200,Wall                        ,United States
01/04/2009 22:18,Product2,3600,Powell River,Canada
01/10/2009 15:18,Product2,3600,Huntington Beach            ,United States
1/16/2009 19:47,Product1,1200,Los Gatos                   ,United States
1/25/2009 8:16,Product2,3600,Oslo,Norway
1/25/2009 8:48,Product1,1200,Oxford,United Kingdom
1/17/2009 9:12,Product1,1200,Alexandria                  ,United States
1/24/2009 1:22,Product1,1200,Rome,Italy
1/27/2009 15:09,Product1,1200,Random Lake                 ,United States
1/25/2009 21:49,Product1,1200,San Francisco               ,United States
1/24/2009 8:51,Product1,1200,Baluan,Philippines
01/06/2009 14:08,Product1,1200,Brussels,Belgium
1/17/2009 14:06,Product1,1200,Bedford Corners             ,United States
1/21/2009 12:38,Product1,1200,Istanbul,Turkey
1/30/2009 23:49,Product2,3600,Hilversum,Netherlands
01/12/2009 12:00,Product1,1200,Milford                     ,United States
1/29/2009 21:40,Product1,1200,Vancouver,Canada
1/24/2009 13:38,Product1,1200,Kidderminster,United Kingdom
1/25/2009 13:50,Product2,3600,Lausanne,Switzerland
01/12/2009 13:41,Product1,1200,Claygate,United Kingdom
01/05/2009 11:44,Product1,1200,Laasby,Denmark
01/02/2009 8:31,Product1,1200,Budaors,Hungary
1/31/2009 7:13,Product1,1200,London,United Kingdom
1/20/2009 2:17,Product1,1200,Santo Domingo City,Dominican Republic
1/25/2009 20:15,Product1,1200,Croton On Hudson            ,United States
1/25/2009 19:44,Product1,1200,Vespasiano,Brazil
1/30/2009 9:00,Product1,1200,Nashville                   ,United States
01/07/2009 19:18,Product1,1200,Ottawa,Canada
01/04/2009 10:18,Product1,1200,Naples                      ,United States
1/23/2009 14:57,Product1,1200,Bridgewater                 ,United States
01/12/2009 10:08,Product2,3600,Washington                  ,United States
1/19/2009 4:22,Product1,1200,Hagen,France
1/21/2009 21:37,Product1,1200,Taicheng,China
1/25/2009 4:34,Product1,1200,Groningen,Netherlands
1/30/2009 1:09,Product1,1200,Villars,Switzerland
1/26/2009 15:16,Product1,1200,Huntersville                ,United States
1/15/2009 15:56,Product2,3600,Cartersburg                 ,United States
01/02/2009 20:47,Product1,1200,Flower Mound                ,United States
1/25/2009 9:36,Product1,1200,Rochester                   ,United States
1/20/2009 20:09,Product1,1200,Dubai,United Arab Emirates
01/08/2009 11:14,Product2,3600,Langnau,Switzerland
01/06/2009 20:39,Product2,3600,Mission,Canada
01/06/2009 18:10,Product1,1200,Columbus                    ,United States
01/11/2009 6:46,Product2,3600,Clondalkin,Ireland
1/19/2009 14:26,Product1,1200,Harold's Cross,Ireland
1/31/2009 6:14,Product1,1200,Sag Harbor                  ,United States
01/06/2009 9:31,Product1,1200,San Diego                   ,United States
1/21/2009 7:31,Product1,1200,Wilmington                  ,United States
1/20/2009 17:23,Product2,3600,Toronto,Canada
1/29/2009 12:10,Product1,1200,Issaquah                    ,United States
1/24/2009 23:21,Product1,1200,Phuket,Thailand
1/28/2009 10:37,Product1,1200,Athina,Greece
1/30/2009 14:36,Product1,1200,Geneve,Switzerland
1/21/2009 2:07,Product1,1200,Chichester,United Kingdom
1/26/2009 6:37,Product1,1200,Massagno,Switzerland
01/04/2009 14:27,Product1,1200,Cardiff,United Kingdom
01/09/2009 3:03,Product2,3600,Ferney-Voltaire,France
01/08/2009 19:26,Product2,3600,Mableton                    ,United States
01/10/2009 16:02,Product1,1200,San Diego                   ,United States
01/06/2009 6:31,Product1,1200,La Louviere,Belgium
1/23/2009 13:13,Product1,1200,Minneapolis                 ,United States
1/18/2009 17:55,Product1,1200,Mafra,Brazil
01/05/2009 15:15,Product1,1200,Ashford,United Kingdom
01/02/2009 10:32,Product1,1200,Edmonton,Canada
1/25/2009 9:27,Product1,1200,London,United Kingdom
01/05/2009 6:12,Product1,1200,Lucca,Italy
01/06/2009 2:41,Product1,1200,Perth,Australia
1/27/2009 14:42,Product2,3600,Arlington                   ,United States
01/08/2009 12:03,Product1,1200,Calgary,Canada
1/29/2009 12:16,Product1,1200,Chiefland                   ,United States
1/19/2009 10:47,Product1,1200,Stavenger,Norway
01/08/2009 2:49,Product2,3600,Begnins,Switzerland
1/19/2009 17:40,Product1,1200,Newton                      ,United States
01/11/2009 0:15,Product1,1200,Den Haag,Netherlands
1/16/2009 5:12,Product2,3600,Berikon,Switzerland
1/19/2009 6:52,Product1,1200,Santa Barbaraa,Costa Rica
1/26/2009 1:14,Product1,1200,Churra,Spain
1/30/2009 10:31,Product1,1200,Castle Rock                 ,United States
1/23/2009 5:52,Product1,1200,Zug,Switzerland
01/07/2009 9:54,Product1,1200,Ashford,United Kingdom
01/01/2009 16:44,Product1,1200,Rockville                   ,United States
1/23/2009 9:27,Product1,1200,Madrid,Spain
1/22/2009 12:56,Product1,1200,Aasgaardstrand,Norway
1/16/2009 13:35,Product1,1200,Milano,Italy
1/13/2009 9:26,Product1,1200,Anieres,Switzerland
1/25/2009 11:35,Product3,7500,Fresno                      ,United States
1/26/2009 14:02,Product1,1200,Fresno                      ,United States
01/07/2009 13:26,Product1,1200,Warwick,Canada
1/15/2009 11:45,Product1,1200,Watford,United Kingdom
1/27/2009 12:02,Product1,1200,Waterford,Ireland
1/28/2009 14:09,Product1,1200,Pruszkow,Poland
1/23/2009 7:13,Product1,1200,Hamilton,Bermuda
1/22/2009 15:59,Product2,3600,Ottawa,Canada
1/16/2009 10:27,Product1,1200,Montgomery                  ,United States
1/26/2009 22:45,Product1,1200,Tokyo,Japan
1/25/2009 18:33,Product1,1200,Manteno                     ,United States
1/16/2009 6:13,Product1,1200,Benoni,South Africa
01/12/2009 17:19,Product2,3600,Winter Haven                ,United States
01/02/2009 4:21,Product1,1200,Tranby,Norway
01/05/2009 3:03,Product1,1200,Cork,Ireland
1/15/2009 15:22,Product1,1200,Fort Lauderdale             ,United States
1/26/2009 5:38,Product2,3600,Cranberry Twp               ,United States
1/24/2009 10:38,Product1,1200,Arlington                   ,United States
01/02/2009 7:30,Product1,1200,Lake Ronkonkoma,United States
1/26/2009 6:38,Product1,1200,Alexandria                  ,United States
1/17/2009 7:56,Product3,7500,Lipari,Italy
1/17/2009 7:58,Product3,7500,Lipari,Italy
1/18/2009 4:32,Product1,1200,Lipari,Italy
1/26/2009 8:00,Product1,1200,Bluffton                    ,United States
01/11/2009 8:41,Product1,1200,Winter Spgs                 ,United States
1/21/2009 10:32,Product1,1200,Chelmsford                  ,United States
1/29/2009 12:27,Product1,1200,Cabinteely,Ireland
1/13/2009 13:19,Product2,3600,Toronto,Canada
1/31/2009 18:12,Product1,1200,Cincinnati                  ,United States
1/22/2009 15:35,Product1,1200,Houston                     ,United States
01/05/2009 11:24,Product1,1200,Rodeo                       ,United States
1/23/2009 11:23,Product1,1200,Poughkeepsie                ,United States
01/07/2009 20:55,Product1,1200,Cincinnati                  ,United States
1/13/2009 9:40,Product1,1200,North Eastham               ,United States
1/25/2009 15:18,Product2,3600,Sitka                       ,United States
1/30/2009 20:58,Product2,3600,Carcross,Canada
1/31/2009 4:50,Product1,1200,Taby,Sweden
1/20/2009 10:05,Product2,3600,Calgary,Canada
01/09/2009 5:15,Product1,1200,Alcobendas,Spain
1/13/2009 7:09,Product2,3600,Chicago                     ,United States
01/03/2009 11:03,Product1,1200,Sammamish                   ,United States
1/17/2009 20:51,Product1,1200,Waiau Pa,New Zealand
01/05/2009 7:55,Product1,1200,Ewa Beach                   ,United States
1/25/2009 14:40,Product1,1200,Statesville                 ,United States
1/25/2009 17:55,Product1,1200,Kapaa                       ,United States
01/03/2009 12:54,Product1,1200,Burbank                     ,United States
1/22/2009 3:57,Product2,3600,Oegstgeest,Netherlands
1/23/2009 5:11,Product1,1200,Blackrock,Ireland
1/25/2009 11:52,Product2,3600,WalcProduct3ee,Austria
01/10/2009 4:12,Product1,1200,Foxrock,Ireland
01/10/2009 9:32,Product2,3600,Hilton Head                 ,United States
1/22/2009 12:45,Product3,7500,Valley Center               ,United States
01/06/2009 18:11,Product2,3600,Swampscott                  ,United States
1/19/2009 5:56,Product1,1200,Edinburgh,United Kingdom
1/25/2009 10:50,Product1,1200,San Antonio                 ,United States
1/14/2009 8:38,Product1,1200,Bristol                     ,United States
01/02/2009 17:24,Product2,3600,Perth,Australia
01/07/2009 18:15,Product1,1200,Greenville                  ,United States
01/03/2009 21:19,Product1,1200,Pls Vrds Est                ,United States
01/04/2009 5:13,Product1,1200,Hradec Kralove,Czech Republic
01/04/2009 9:28,Product1,1200,Maidstone,United Kingdom
01/02/2009 4:34,Product1,1200,Saint Albans,United Kingdom
1/22/2009 11:10,Product1,1200,Voluntari,Romania
01/07/2009 12:06,Product1,1200,Nadur,Malta
1/29/2009 13:25,Product1,1200,Morrison                    ,United States
1/27/2009 2:57,Product1,1200,Cobham,United Kingdom
01/07/2009 13:19,Product1,1200,Izmir,Turkey
1/23/2009 10:04,Product1,1200,Hollywood                   ,United States
1/19/2009 4:55,Product1,1200,Brighton,United Kingdom
1/28/2009 22:02,Product1,1200,Hawera,New Zealand
01/04/2009 18:57,Product1,1200,Worongary,Australia
01/12/2009 20:31,Product1,1200,Atlantida,Guatemala
1/24/2009 12:00,Product1,1200,El Escorial,Spain
1/28/2009 11:19,Product1,1200,Morrison                    ,United States
01/07/2009 17:48,Product1,1200,Augusta                     ,United States
1/23/2009 12:42,Product2,3600,Avalon,Australia
01/07/2009 19:48,Product2,3600,Sydney,Australia
1/26/2009 11:19,Product1,1200,Lahti,Finland
01/05/2009 13:23,Product1,1200,Inner City,Austria
1/26/2009 13:41,Product1,1200,Baden,Switzerland
1/20/2009 10:42,Product2,3600,Huddersfield,United Kingdom
1/22/2009 14:25,Product1,1200,Belfast,United Kingdom
1/28/2009 5:36,Product2,3600,Black River,Mauritius
01/01/2009 4:24,Product3,7500,Skaneateles                 ,United States
01/08/2009 11:55,Product1,1200,Haverhill,United Kingdom
01/12/2009 21:30,Product1,1200,Madison                     ,United States
